create table empresas (
  id serial primary key,
  nome text not null,
  site text unique
);

insert into empresas (id,nome, site)
values
  (1,'Cakewalk',NULL),
  (2,'Yahoo','www.yahoo.com'),
  (3,'Chami',NULL),
  (4,'Google','www.google.com'),
  (5,'Lavasoft',NULL),
  (6,'Microsoft','www.microsoft.com'),
  (7,'Apple','www.apple.com'),
  (8,'Adobe','www.adobe.com'),
  (9,'Sibelius',NULL),
  (10,'Amazon','www.amazon.com'),
  (11,'Mercado Livre','www.mercadolivre.com'),
  (12,'Nubank','www.nubank.com'),
  (13,'Borland',NULL),
  (14,'Finale',NULL),
  (15,'Ifood','www.ifood.com'),
  (16,'Facebook','www.facebook.com');

create table filiais (
  id serial primary key,
  empresa_id integer not null references empresas(id),
  cep text not null,
  rua text,
  cidade text,
  estado text,
  pais text not null
);

insert into filiais (id,empresa_id,cep,rua,cidade,estado,pais)
values
  (1,14,'14695-148','3424 Sociis Ave','Luziânia','Goiás','Brazil'),
  (2,14,'38766046','194-919 Senectus Rd.','Recife','Pernambuco','Brazil'),
  (3,6,'67284-763','Ap #163-9802 Id, Ave','Itajaí','Santa Catarina','Brazil'),
  (4,7,'63Z 5R6','512-800 Mauris. Rd.','Hearst','Ontario','Canada'),
  (5,14,'85859','Ap #571-7720 Elit, Rd.','Norman','Oklahoma','United States'),
  (6,6,'81124','P.O. Box 746, 4269 Eros Rd.','Hilo','Hawaii','United States'),
  (7,7,'Y4B 4T5','Ap #881-9513 Cras St.','Guysborough','Nova Scotia','Canada'),
  (8,7,'28334','215-612 Nec Street','Harrisburg','Pennsylvania','United States'),
  (9,10,'85250','Ap #318-7523 Lorem Av.','Chattanooga','Tennessee','United States'),
  (10,11,'18963','Ap #673-775 Nibh. Avenue','Shreveport','Louisiana','United States'),
  (11,15,'68664-898','Ap #341-309 Odio. Road','Paço do Lumiar','Maranhão','Brazil'),
  (12,2,'52954','P.O. Box 425, 8850 Elementum, Rd.','Sandy','Utah','United States'),
  (13,6,'45832-107','776-7011 Lacus. St.','Aparecida de Goiânia','Goiás','Brazil'),
  (14,11,'78P 1T4','129-5697 Egestas. Street','Whitehorse','Yukon','Canada'),
  (15,3,'m0Y 6X6','Ap #380-4001 Et Rd.','Pugwash','Nova Scotia','Canada'),
  (16,2,'62423-218','Ap #422-4880 Arcu. Av.','Aparecida de Goiânia','Goiás','Brazil'),
  (17,12,'67487','Ap #281-4578 Nec, Rd.','Reno','Nevada','United States'),
  (18,5,'45372','619-5350 Odio. Av.','Great Falls','Montana','United States'),
  (19,11,'34268','Ap #739-8153 Mauris, Rd.','Georgia','Georgia','United States'),
  (20,1,'99805','Ap #205-5705 Ipsum Av.','Worcester','Massachusetts','United States'),
  (21,7,'52376','P.O. Box 217, 6307 Amet, Avenue','Flint','Michigan','United States'),
  (22,4,'x2R 5X4','Ap #597-1916 Magna. St.','Lourdes','Manitoba','Canada'),
  (23,10,'I6M 2P9','337-4190 Nunc Rd.','Alert Bay','British Columbia','Canada'),
  (24,7,'53634','P.O. Box 223, 5842 Proin Street','Davenport','Iowa','United States'),
  (25,8,'32876143','933-2993 Nunc Rd.','Caxias do Sul','Rio Grande do Sul','Brazil'),
  (26,9,'58872-899','874-3045 Porttitor Rd.','Carapicuíba','São Paulo','Brazil'),
  (27,13,'21628','Ap #930-9630 Ipsum Street','Hilo','Hawaii','United States'),
  (28,5,'75875','433-2007 Adipiscing Avenue','Miami','Florida','United States'),
  (29,9,'11855-743','633-1481 Nisi St.','Mauá','São Paulo','Brazil'),
  (30,13,'A6X 1A2','347 Enim. Street','Lloydminster','Saskatchewan','Canada');

create table pessoas (
  id serial primary key,
  empresa_id integer references empresas(id),
  nome text not null,
  email text not null,
  data_nascimento date,
  setor text
);

insert into pessoas (id,empresa_id,nome,email,data_nascimento,setor)
values
  (1,13,'Levi Everett','sit.amet.risus@icloud.com','1997-09-15','Public Relations'),
  (2,7,'Leo Mcclure','nisi.magna@icloud.com','1991-04-07','Accounting'),
  (3,4,'Jackson Mcintosh','tincidunt@hotmail.com','1976-01-03','Human Resources'),
  (4,5,'Bevis Henderson','odio.tristique@icloud.com','1995-03-26','Advertising'),
  (5,11,'Dominique Puckett','tellus.aenean@icloud.com','1998-05-13','Finances'),
  (6,9,'Lila Alvarado','ligula@gmail.com','1996-08-26','Advertising'),
  (7,13,'Naida Stein','tristique.pellentesque@icloud.com','1992-02-03',NULL),
  (8,1,'Kibo Branch','dui.fusce.diam@icloud.com','1982-01-20',NULL),
  (9,NULL,'Nicholas Petersen','penatibus@gmail.com','1986-11-20','Advertising'),
  (10,7,'Timon Leblanc','fermentum.risus@icloud.com','1993-02-01','Sales and Marketing'),
  (11,2,'Ann Pollard','magna.et@outlook.com','1978-05-07','Accounting'),
  (12,6,'Oscar Lowery','nisi.nibh@icloud.com','2001-04-10','Customer Relations'),
  (13,5,'Camden Murray','urna.ut@hotmail.com','1991-04-23','Research and Development'),
  (14,10,'Aaron Farmer','tortor.at.risus@outlook.com','1988-12-10','Media Relations'),
  (15,2,'Leroy Frazier','pede.et.risus@icloud.com','1975-11-12','Public Relations'),
  (16,3,'Lydia Huffman','nulla.facilisis.suspendisse@outlook.com','1982-10-11','Legal Department'),
  (17,14,'Eagan Mann','semper.tellus@hotmail.com','2001-11-08','Human Resources'),
  (18,9,'Nicholas Tucker','magna.cras@icloud.com','1986-07-24','Human Resources'),
  (19,11,'Yen Cobb','a@gmail.com','1978-02-27',NULL),
  (20,1,'Knox Mccormick','nunc.sollicitudin@icloud.com','1999-07-16','Accounting'),
  (21,NULL,'Christen Walton','et@gmail.com',NULL,'Customer Relations'),
  (22,4,'Brynn Tran','et.lacinia.vitae@icloud.com','1983-09-18','Quality Assurance'),
  (23,7,'Linus Hogan','sodales.elit@gmail.com','1984-02-22','Media Relations'),
  (24,3,'Owen Mann','venenatis.vel@icloud.com','1984-09-19','Media Relations'),
  (25,13,'Jeremy O''donnell','dapibus@outlook.com','1982-05-28',NULL),
  (26,3,'Emmanuel Malone','sit@hotmail.com',NULL,'Legal Department'),
  (27,16,'Mary Wilkins','nostra.per.inceptos@outlook.com',NULL,'Finances'),
  (28,15,'Maia Fitzpatrick','libero.at@gmail.com',NULL,'Asset Management'),
  (29,9,'Bertha Joyce','lobortis.nisi@hotmail.com',NULL,'Quality Assurance'),
  (30,6,'Jason Reilly','diam.nunc@outlook.com',NULL,'Media Relations'),
  (31,3,'Mariam Key','lacus@icloud.com','1992-10-26','Asset Management'),
  (32,3,'Mufutau Wilson','elit.curabitur@gmail.com','1985-11-25','Legal Department'),
  (33,3,'William Branch','luctus.ipsum@icloud.com',NULL,'Public Relations'),
  (34,14,'Whitney Wright','fringilla.cursus@outlook.com',NULL,'Customer Relations'),
  (35,8,'Glenna Dixon','elit.sed@hotmail.com','2002-06-24','Payroll'),
  (36,2,'Ramona Chambers','sed.libero@outlook.com','1984-08-23','Media Relations'),
  (37,11,'Alma Hewitt','magna.tellus@hotmail.com','1991-04-06','Accounting'),
  (38,7,'Olga Macias','at@gmail.com','1982-05-02','Customer Relations'),
  (39,13,'Emery Chen','sit.amet@gmail.com','1992-02-28',NULL),
  (40,3,'Lamar Henson','ornare.placerat@outlook.com','1997-08-23','Payroll'),
  (41,NULL,'Evan Lancaster','morbi@gmail.com','1984-07-21','Legal Department'),
  (42,3,'Tamara Walker','sem.molestie@gmail.com','1991-08-05','Customer Relations'),
  (43,4,'Pandora Mcintosh','faucibus.orci@icloud.com','1996-09-30','Media Relations'),
  (44,3,'Florence Melton','placerat.velit@outlook.com','1975-10-07','Human Resources'),
  (45,5,'Holly Hoffman','eget.ipsum@hotmail.com','1975-12-20','Media Relations'),
  (46,11,'Kenyon Munoz','a.facilisis@gmail.com','2003-04-26','Research and Development'),
  (47,NULL,'Ulysses Harper','sollicitudin.commodo.ipsum@hotmail.com','1984-10-10','Research and Development'),
  (48,10,'Bernard Chan','etiam.bibendum@gmail.com','1990-10-29','Accounting'),
  (49,NULL,'Aladdin Gray','dictum@gmail.com','1983-12-10','Finances'),
  (50,NULL,'Stone Combs','sit.amet@hotmail.com','1994-01-19','Legal Department'),
  (51,NULL,'Jeanette Case','lorem.lorem.luctus@outlook.com','1990-12-06','Customer Service'),
  (52,15,'Griffin Oliver','suscipit@hotmail.com','1994-10-06','Payroll'),
  (53,10,'Jael Myers','suspendisse.tristique@outlook.com','1974-03-03','Payroll'),
  (54,NULL,'Daniel Graves','et.magnis@icloud.com','1999-11-15','Customer Relations'),
  (55,7,'Gwendolyn Velasquez','semper.egestas@gmail.com','1996-06-11','Research and Development'),
  (56,14,'Megan Bright','phasellus.vitae@hotmail.com','1988-04-10','Accounting'),
  (57,6,'Caryn Gonzalez','nec@hotmail.com','1975-10-23','Advertising'),
  (58,NULL,'Athena Hansen','facilisis.vitae@icloud.com','1975-10-26','Tech Support'),
  (59,8,'Rogan Kinney','nunc.lectus@gmail.com','1997-12-08','Accounting'),
  (60,2,'Valentine Leonard','auctor@icloud.com','1998-01-31','Payroll'),
  (61,8,'Raymond English','ac.ipsum@hotmail.com','1990-01-06','Customer Service'),
  (62,8,'Virginia Pittman','est.mauris@gmail.com','1989-01-19','Human Resources'),
  (63,16,'Maya Bender','facilisis.facilisis@icloud.com','1980-03-18','Research and Development'),
  (64,11,'Denton Kim','lobortis.mauris@hotmail.com','1986-12-04','Customer Relations'),
  (65,7,'Fleur Glenn','curabitur.ut@outlook.com','1987-07-25','Customer Service'),
  (66,4,'Burke Fernandez','vel@hotmail.com','2003-03-04','Advertising'),
  (67,9,'Heidi Quinn','urna.et.arcu@icloud.com','1991-09-21',NULL),
  (68,14,'Hadley Blankenship','ornare.lectus@hotmail.com','1986-12-21','Media Relations'),
  (69,2,'David Mooney','lacus.vestibulum@outlook.com','1991-07-19',NULL),
  (70,4,'Yoshio Adkins','in.consectetuer@hotmail.com','1982-01-06','Sales and Marketing'),
  (71,2,'Lewis Barlow','suscipit.est@gmail.com','2000-01-30','Legal Department'),
  (72,6,'Neve Pearson','curae.phasellus@gmail.com','1989-09-14','Customer Relations'),
  (73,8,'Avram Carney','turpis.non.enim@outlook.com','1997-06-21','Quality Assurance'),
  (74,15,'Joan Bowman','duis.ac@icloud.com','1986-11-09','Quality Assurance'),
  (75,9,'Summer Strong','vulputate.risus@outlook.com','1994-11-23','Human Resources'),
  (76,16,'Brielle Walton','scelerisque.scelerisque@gmail.com','1987-09-27',NULL),
  (77,5,'Fatima Roth','a@outlook.com','1996-05-29','Finances'),
  (78,13,'Illana Mathews','scelerisque@gmail.com','1976-01-04','Sales and Marketing'),
  (79,2,'Joel Padilla','at.lacus@icloud.com','1994-05-02','Finances'),
  (80,8,'Hillary Williams','magna.lorem@icloud.com','1985-03-08','Customer Relations'),
  (81,6,'Chaim Livingston','etiam.ligula@icloud.com','1979-06-12','Legal Department'),
  (82,7,'Zephania Koch','iaculis.odio@gmail.com','1975-12-01','Customer Relations'),
  (83,1,'Indira Stuart','fusce.diam@hotmail.com','1987-04-07','Payroll'),
  (84,3,'Tyler Prince','eu.tempor.erat@outlook.com','1979-06-04',NULL),
  (85,2,'Boris Rollins','vitae@icloud.com','1995-11-21','Tech Support'),
  (86,4,'Walker Craft','dictum.placerat@gmail.com','1977-11-25','Human Resources'),
  (87,14,'Troy Spears','viverra.maecenas.iaculis@icloud.com','1998-01-04','Finances'),
  (88,8,'Ciaran Soto','vulputate.posuere.vulputate@icloud.com','1987-02-28','Advertising'),
  (89,2,'Sylvia Manning','mauris.eu@gmail.com','1996-08-21',NULL),
  (90,13,'Melinda Cain','nullam@icloud.com','1992-01-19','Human Resources'),
  (91,7,'Judah Kerr','tellus.justo.sit@outlook.com','1981-06-19','Finances'),
  (92,6,'Haley Wagner','duis.sit@gmail.com','1997-08-24','Payroll'),
  (93,14,'Mannix Price','nullam.scelerisque.neque@gmail.com','1999-12-11','Research and Development'),
  (94,3,'Camden Bradford','erat.sed.nunc@hotmail.com','1979-02-10','Quality Assurance'),
  (95,9,'Ralph Vaughn','cursus.purus@outlook.com','1995-01-16','Sales and Marketing'),
  (96,6,'Heidi Reilly','elit.nulla@icloud.com','1996-04-05','Accounting'),
  (97,13,'Marah Ellis','augue.porttitor@gmail.com','1977-02-25','Payroll'),
  (98,4,'Leroy Carney','ut@hotmail.com','1999-09-21','Media Relations'),
  (99,7,'Medge Cooke','facilisis.eget@hotmail.com','2002-09-15','Finances'),
  (100,11,'Kyla Fernandez','adipiscing.lobortis.risus@hotmail.com','1989-11-27','Public Relations'),
  (101,5,'Maggie Mcneil','dictum@outlook.com','1991-09-08','Tech Support'),
  (102,1,'Whitney O''donnell','rhoncus.donec.est@hotmail.com','1996-03-04','Customer Service'),
  (103,3,'Brady Robbins','sed@icloud.com','2001-01-08','Advertising'),
  (104,2,'Daniel Graves','aliquam@outlook.com','1993-10-21','Research and Development'),
  (105,10,'Risa Abbott','fringilla.porttitor@outlook.com','1981-08-30','Public Relations'),
  (106,5,'Cedric Underwood','dui.quis@outlook.com','1998-08-31','Sales and Marketing'),
  (107,7,'Blake Kemp','sem@gmail.com','1992-05-08','Advertising'),
  (108,16,'Uta Smith','enim.curabitur@gmail.com','1982-12-22','Quality Assurance'),
  (109,2,'Reese Clements','molestie.dapibus@gmail.com','2001-07-31','Public Relations'),
  (110,3,'Stephen Cobb','aliquet.nec@icloud.com','1988-11-22','Advertising'),
  (111,15,'Sybill Estes','donec.egestas.aliquam@hotmail.com','1994-08-24','Finances'),
  (112,11,'Colt Guthrie','mattis.velit@hotmail.com','1975-04-13','Accounting'),
  (113,9,'Ferdinand Hampton','eu.neque@gmail.com','1987-12-30','Accounting'),
  (114,7,'Thane Simpson','ac.libero@hotmail.com','1978-11-16','Advertising'),
  (115,14,'Raja Larsen','praesent.luctus@icloud.com','2001-07-29','Asset Management'),
  (116,7,'Addison Phillips','amet.luctus.vulputate@hotmail.com','1974-03-30','Finances'),
  (117,NULL,'Janna Olson','eget.dictum@hotmail.com','1996-09-06','Tech Support'),
  (118,13,'Wilma Rivers','maecenas.malesuada@icloud.com','1996-01-03','Public Relations'),
  (119,NULL,'Aimee Odom','in@gmail.com','1974-07-13','Research and Development'),
  (120,7,'Kirestin Bradford','ante.vivamus.non@gmail.com','1973-07-24','Advertising'),
  (121,8,'Erasmus Campos','vel.vulputate@icloud.com','1989-11-11','Finances'),
  (122,NULL,'Caesar Ramirez','cursus.diam.at@icloud.com','1974-10-06','Accounting'),
  (123,NULL,'Steel Hogan','ante.iaculis@hotmail.com','1991-02-27','Human Resources'),
  (124,15,'Dustin Allen','orci.lacus.vestibulum@gmail.com','1993-11-12','Payroll'),
  (125,6,'Kermit Adams','urna@icloud.com','1988-08-31','Asset Management'),
  (126,2,'Cain Barron','fringilla.est.mauris@hotmail.com','2000-11-24','Human Resources'),
  (127,7,'Patricia Luna','eu.odio@icloud.com','1980-08-20','Human Resources'),
  (128,6,'Raja Shaffer','pharetra.nibh@hotmail.com','1978-03-16','Public Relations'),
  (129,12,'August Whitley','in.magna@gmail.com','1985-08-06','Payroll'),
  (130,3,'Ulric Odom','arcu.morbi@icloud.com','1985-09-07','Asset Management'),
  (131,5,'Stella Davis','enim@outlook.com','1976-09-13','Tech Support'),
  (132,10,'Iola Turner','justo.faucibus@icloud.com','1984-12-12',NULL),
  (133,4,'Eliana Boyd','mollis.dui@outlook.com','1976-07-10','Media Relations'),
  (134,11,'Zenia Wilkinson','erat.volutpat@outlook.com','1988-03-09','Asset Management'),
  (135,5,'Randall Hendrix','vulputate.lacus@icloud.com','1975-02-25','Accounting'),
  (136,4,'Xena Schultz','ante.blandit@outlook.com','1992-04-20','Tech Support'),
  (137,7,'Irma Higgins','malesuada.vel.venenatis@icloud.com','1985-02-24',NULL),
  (138,6,'Mufutau Berry','lobortis.risus@outlook.com','1975-05-03','Human Resources'),
  (139,3,'Nerea Miles','torquent.per.conubia@hotmail.com','1982-01-15',NULL),
  (140,15,'Joel Horn','enim.etiam@gmail.com','1976-07-19','Public Relations'),
  (141,10,'Bevis Byers','penatibus.et@gmail.com','1996-09-23','Customer Service'),
  (142,1,'Velma Moon','primis.in@gmail.com','1983-11-05',NULL),
  (143,13,'Igor Garcia','sem.nulla@gmail.com','1997-11-26','Customer Service'),
  (144,8,'Zachary Rasmussen','ut.mi@gmail.com','1984-06-11','Sales and Marketing'),
  (145,15,'Anthony Wall','tempus.risus@icloud.com','1982-01-22',NULL),
  (146,12,'Hadley Harris','ullamcorper.velit@hotmail.com','1989-07-03','Quality Assurance'),
  (147,7,'Aimee Waters','mi.lacinia.mattis@gmail.com','1974-08-14','Payroll'),
  (148,7,'Samuel Kent','sapien.nunc@hotmail.com','1978-05-05','Payroll'),
  (149,6,'Sandra Head','lectus@gmail.com','1995-03-11','Public Relations'),
  (150,5,'Adria Jarvis','mollis.vitae@hotmail.com','1982-10-13','Finances'),
  (151,5,'Zeph Barrera','quis@gmail.com',NULL,NULL),
  (152,16,'Aaron Hess','quisque@gmail.com',NULL,'Customer Service'),
  (153,9,'Maris Landry','non.hendrerit.id@icloud.com',NULL,'Payroll'),
  (154,2,'Hasad Middleton','eget@outlook.com',NULL,'Advertising'),
  (155,5,'Hunter Kirby','ridiculus.mus@outlook.com',NULL,'Quality Assurance'),
  (156,8,'Driscoll Garza','sed.hendrerit@outlook.com',NULL,'Customer Relations'),
  (157,14,'Fatima Dudley','nunc.ut@outlook.com',NULL,'Tech Support'),
  (158,8,'Kane Brennan','ultricies.sem@hotmail.com',NULL,'Quality Assurance'),
  (159,7,'Cecilia Forbes','vitae.aliquet.nec@hotmail.com','1981-08-05','Sales and Marketing'),
  (160,NULL,'Porter Sexton','pede.blandit@outlook.com','1976-09-25','Tech Support'),
  (161,10,'Martin Frye','lorem.eu.metus@outlook.com','1990-03-27','Customer Relations'),
  (162,8,'Irma Fitzpatrick','sem.egestas.blandit@hotmail.com','1990-03-22','Customer Relations'),
  (163,NULL,'Logan Gonzalez','aenean@hotmail.com','1998-02-18','Media Relations'),
  (164,4,'Jerry Schneider','rutrum.eu@gmail.com','1979-11-26','Tech Support'),
  (165,10,'Simone Steele','orci.lobortis.augue@outlook.com','1974-10-22','Customer Relations'),
  (166,14,'Ian Hill','nunc.laoreet@icloud.com','1977-10-24','Advertising'),
  (167,15,'Ursula Frazier','fames.ac@outlook.com','1982-10-30','Customer Service'),
  (168,10,'Thaddeus Hyde','interdum.sed@icloud.com','1994-07-30','Quality Assurance'),
  (169,2,'Stacey Newman','integer@icloud.com','1973-07-23','Human Resources'),
  (170,12,'Anjolie Bush','risus.donec@gmail.com','1988-09-09','Advertising'),
  (171,5,'Adrian Gamble','egestas@outlook.com','1998-07-31','Public Relations'),
  (172,3,'Sybil O''Neill','auctor.velit@outlook.com',NULL,'Public Relations'),
  (173,1,'Xander Blackburn','erat.in@icloud.com','2002-11-20','Asset Management'),
  (174,15,'Lila Hayes','lobortis.quis@outlook.com',NULL,'Research and Development'),
  (175,13,'Alvin Morrison','mollis.vitae@hotmail.com','1998-09-08','Media Relations'),
  (176,7,'Mollie Giles','duis.sit@outlook.com','1991-01-24','Public Relations'),
  (177,13,'Halee Joyce','in@gmail.com','2001-06-28','Sales and Marketing'),
  (178,6,'Hunter Mayo','dolor@hotmail.com',NULL,'Asset Management'),
  (179,4,'Aaron Wilcox','tincidunt.pede@outlook.com',NULL,'Public Relations'),
  (180,6,'Jonas Weaver','ut.quam@hotmail.com',NULL,'Public Relations'),
  (181,14,'Mona Howe','in@hotmail.com','1988-10-14','Legal Department'),
  (182,14,'Simon Sawyer','dolor.fusce@hotmail.com',NULL,'Sales and Marketing'),
  (183,NULL,'Ivor Delacruz','orci.lobortis@hotmail.com',NULL,'Human Resources'),
  (184,NULL,'Yardley Fox','ipsum.dolor.sit@gmail.com','1979-04-20','Payroll'),
  (185,NULL,'Paki Melendez','nunc.ac.mattis@icloud.com','2000-06-07','Accounting'),
  (186,11,'Kane Leach','varius@gmail.com','1999-12-31','Advertising'),
  (187,NULL,'Yeo Giles','pede.ultrices@hotmail.com','1974-12-30','Human Resources'),
  (188,8,'Oscar Rivers','in.dolor@hotmail.com','1980-04-05','Sales and Marketing'),
  (189,8,'Griffith Shepard','non.hendrerit@hotmail.com','1992-02-03','Customer Relations'),
  (190,1,'Lydia Hart','praesent.eu@hotmail.com','2001-06-19','Accounting'),
  (191,NULL,'Rina Woodward','vivamus.nibh@gmail.com','1979-05-14','Payroll'),
  (192,10,'Emery Velasquez','gravida.praesent@hotmail.com','1975-09-01','Asset Management'),
  (193,5,'Leila Johns','amet@gmail.com','1993-12-17','Customer Relations'),
  (194,2,'Adele Hull','mauris.ut.quam@hotmail.com','1978-12-07','Quality Assurance'),
  (195,NULL,'Daniel Diaz','vestibulum@gmail.com','1985-05-20','Quality Assurance'),
  (196,NULL,'Donovan Nicholson','ac.nulla@hotmail.com','1992-06-22','Media Relations'),
  (197,10,'Demetria Ortiz','aliquet.molestie.tellus@gmail.com','1991-05-30',NULL),
  (198,9,'Berk Parsons','bibendum.ullamcorper.duis@icloud.com','2002-12-10','Research and Development'),
  (199,NULL,'Ursula Shepherd','consequat.auctor@gmail.com','1998-10-02','Customer Service'),
  (200,NULL,'Jada Vaughan','convallis.erat.eget@icloud.com','1985-05-31','Tech Support'),
  (201,NULL,'Jayme Walls','donec.vitae.erat@gmail.com','1991-02-11','Finances'),
  (202,4,'Zorita Petersen','diam.duis.mi@hotmail.com','1986-01-01','Finances'),
  (203,NULL,'Nissim Hickman','ipsum.phasellus@icloud.com','2002-02-28','Quality Assurance'),
  (204,6,'Oprah Hodge','tincidunt@hotmail.com','1997-05-25','Asset Management'),
  (205,8,'Simone Charles','malesuada.fringilla.est@outlook.com','1977-04-21','Advertising'),
  (206,12,'Uta Cantrell','tortor.nunc.commodo@hotmail.com','1980-09-21','Advertising'),
  (207,4,'Leandra Manning','id.libero@gmail.com','1983-10-21',NULL),
  (208,10,'Hunter Bernard','adipiscing.ligula@hotmail.com','1975-11-29','Tech Support'),
  (209,3,'Danielle Chen','eget@hotmail.com','1978-09-11','Accounting'),
  (210,6,'Giselle Pruitt','sit.amet@gmail.com','1995-07-22','Advertising'),
  (211,14,'Leonard Cohen','ut.nec@icloud.com','2001-08-24','Advertising'),
  (212,4,'Phillip Hayden','dolor@hotmail.com','2002-08-07','Advertising'),
  (213,9,'Dara Garza','aliquam.rutrum@gmail.com','1998-02-16','Finances'),
  (214,10,'Dominique Mooney','magna.praesent.interdum@hotmail.com','1976-04-07','Advertising'),
  (215,8,'Uma Weiss','dictum.augue@icloud.com','1973-07-13','Quality Assurance'),
  (216,4,'Constance Martin','sed.congue@icloud.com','1978-02-26','Payroll'),
  (217,13,'Shelby Ferguson','vel.turpis@hotmail.com','1992-05-12','Research and Development'),
  (218,NULL,'Rashad Alford','imperdiet.erat@outlook.com','1996-06-20','Finances'),
  (219,11,'Bruno Chan','egestas.urna@outlook.com','1994-02-18','Asset Management'),
  (220,8,'Theodore Rodgers','cursus@outlook.com',NULL,'Payroll'),
  (221,2,'Carissa Buckley','ipsum.non@gmail.com','1982-05-28','Customer Relations'),
  (222,5,'Zephania Cox','urna.nullam@icloud.com','1978-11-05','Finances'),
  (223,12,'Upton Meyers','nec.urna.et@icloud.com',NULL,'Sales and Marketing'),
  (224,13,'Hayden Nash','posuere.enim@gmail.com','1999-12-31','Accounting'),
  (225,3,'Hyatt Warren','neque.sed@hotmail.com',NULL,'Customer Relations'),
  (226,9,'Desiree Hawkins','nascetur.ridiculus@icloud.com','1986-07-13','Public Relations'),
  (227,3,'Dante Park','natoque.penatibus@icloud.com',NULL,'Media Relations'),
  (228,8,'Tanner Love','dignissim@outlook.com',NULL,'Quality Assurance'),
  (229,16,'David White','ipsum@gmail.com',NULL,'Sales and Marketing'),
  (230,15,'Adara Oliver','enim.non.nisi@gmail.com',NULL,'Research and Development'),
  (231,16,'Dillon Britt','cum.sociis@icloud.com',NULL,'Research and Development'),
  (232,8,'Ray Roberts','est.mollis.non@outlook.com',NULL,'Research and Development'),
  (233,4,'Thane Nelson','aenean@icloud.com','1993-09-28','Accounting'),
  (234,9,'Jolie Holman','eu.augue.porttitor@gmail.com','1979-12-21','Human Resources'),
  (235,13,'Kato Curry','lorem.vehicula@gmail.com','1994-03-04','Public Relations'),
  (236,5,'Damon Jefferson','integer.vitae.nibh@gmail.com','1989-10-04','Public Relations'),
  (237,14,'Grant Bright','quam.dignissim.pharetra@icloud.com','1974-05-05','Customer Relations'),
  (238,8,'Blake Boyd','fringilla.purus@gmail.com','1985-10-09','Human Resources'),
  (239,16,'Lyle Pope','dui@hotmail.com','1993-12-31','Media Relations'),
  (240,14,'Margaret Rojas','ut@hotmail.com','1989-09-18','Media Relations'),
  (241,14,'Rogan Henson','arcu.vestibulum@icloud.com','1980-08-11','Research and Development'),
  (242,2,'Brennan Dunn','nulla.in@icloud.com','1974-04-26','Accounting'),
  (243,4,'Jasmine Stephenson','mus@icloud.com','1978-09-10','Accounting'),
  (244,10,'Matthew Warren','est.ac.facilisis@icloud.com','1993-12-03',NULL),
  (245,9,'Zane Wiggins','adipiscing.mauris.molestie@outlook.com','1998-12-11','Customer Service'),
  (246,9,'Hall Steele','dolor.dapibus@outlook.com','1988-05-11','Finances'),
  (247,5,'Martina Rios','leo@gmail.com','1975-01-29','Customer Service'),
  (248,5,'Linus Rojas','felis@gmail.com','1977-06-02','Legal Department'),
  (249,4,'Ivor Bradford','dui.in.sodales@outlook.com','1996-06-18','Tech Support'),
  (250,13,'Fritz Morris','nibh@gmail.com','1994-07-19','Customer Service'),
  (251,7,'Brady Nixon','eu@gmail.com','1979-03-21','Payroll'),
  (252,7,'Bruno Lindsay','velit@icloud.com','1979-01-25',NULL),
  (253,3,'Walker Mendoza','odio.aliquam@gmail.com','1989-04-25','Customer Service'),
  (254,16,'Willa Dudley','luctus.lobortis@hotmail.com','1979-04-14','Customer Relations'),
  (255,11,'Quail Stone','ornare.placerat@hotmail.com','1998-01-14','Customer Service'),
  (256,4,'Evangeline Roy','mus.aenean@icloud.com','1983-07-30',NULL),
  (257,14,'Pandora Watts','eu.ligula.aenean@gmail.com','1989-09-15','Accounting'),
  (258,3,'Catherine Travis','a.sollicitudin.orci@gmail.com','1975-05-10','Payroll'),
  (259,2,'Amena Flowers','non.enim@icloud.com',NULL,'Media Relations'),
  (260,12,'Valentine Humphrey','nec.ante@outlook.com','1996-07-29','Legal Department'),
  (261,14,'Joshua Reid','enim.consequat@icloud.com','1987-05-11','Accounting'),
  (262,6,'Alfonso Webb','torquent.per@hotmail.com','1979-01-16','Research and Development'),
  (263,10,'Orlando Phillips','mauris.ipsum@gmail.com',NULL,'Tech Support'),
  (264,13,'Lacey Foreman','sed.orci.lobortis@icloud.com','1987-06-02','Sales and Marketing'),
  (265,7,'Malik Sanford','et.magnis@hotmail.com','2000-05-14','Accounting'),
  (266,2,'Blaze Barron','est.nunc.laoreet@hotmail.com',NULL,'Media Relations'),
  (267,12,'Tad Joyce','aenean@icloud.com','1998-06-02',NULL),
  (268,7,'Keiko Allen','gravida.sagittis@icloud.com','1985-11-21','Human Resources'),
  (269,9,'Maia Green','elementum.lorem.ut@gmail.com','1990-12-05','Finances'),
  (270,7,'Kaseem Lowe','orci.lobortis@gmail.com','2000-03-20',NULL),
  (271,10,'Gil Haney','etiam.vestibulum@hotmail.com','1974-02-25','Human Resources'),
  (272,3,'Chandler Lopez','fringilla.mi.lacinia@gmail.com','1988-01-18','Customer Relations'),
  (273,5,'Xena Hart','odio.vel@gmail.com','1997-08-01','Legal Department'),
  (274,5,'Jin Moss','fames.ac.turpis@gmail.com','1996-07-12','Media Relations'),
  (275,10,'Dale Robbins','lacinia@outlook.com','1989-05-10','Sales and Marketing'),
  (276,9,'Elmo Garrett','id.enim@hotmail.com','1998-02-03','Customer Relations'),
  (277,4,'Eugenia Kent','sit.amet@gmail.com','1999-05-10','Quality Assurance'),
  (278,16,'Xantha Rose','tempus@outlook.com','1993-04-12','Customer Relations'),
  (279,13,'Odysseus Kaufman','nonummy.fusce.fermentum@hotmail.com','1978-08-02','Sales and Marketing'),
  (280,2,'Colorado Baldwin','dui.cum@outlook.com','1983-02-24','Payroll'),
  (281,7,'Curran Casey','iaculis.lacus.pede@hotmail.com','1983-09-04','Media Relations'),
  (282,4,'Isaac Murray','a.malesuada.id@hotmail.com','1986-07-14','Quality Assurance'),
  (283,9,'Kimberly Christensen','et.magnis@hotmail.com','1985-08-26','Tech Support'),
  (284,4,'Wayne Barrera','turpis.in@hotmail.com','2002-11-14','Research and Development'),
  (285,2,'Brendan Simpson','tincidunt.orci@hotmail.com','1975-04-19','Customer Relations'),
  (286,6,'Katelyn Cameron','aenean.massa@gmail.com',NULL,'Asset Management'),
  (287,13,'Bernard Kramer','ante@icloud.com','1991-07-28','Legal Department'),
  (288,5,'Dana Warren','fusce.dolor@icloud.com','1973-07-05','Public Relations'),
  (289,14,'April Frank','egestas.lacinia@gmail.com',NULL,'Customer Service'),
  (290,2,'Justin Parrish','ornare@icloud.com','1988-11-20','Payroll'),
  (291,11,'Desiree Horton','placerat@gmail.com',NULL,'Advertising'),
  (292,4,'Abraham Adams','phasellus.fermentum.convallis@outlook.com','1996-10-11','Finances'),
  (293,15,'Cole Robbins','erat@gmail.com',NULL,'Accounting'),
  (294,11,'Unity Buckley','ullamcorper@gmail.com','1984-12-17','Advertising'),
  (295,15,'Nomlanga Blackwell','ornare.egestas@hotmail.com','1973-09-26','Customer Relations'),
  (296,1,'Tamekah Ramsey','neque.sed@icloud.com','1993-09-27','Research and Development'),
  (297,3,'Graham Sherman','in@outlook.com','2001-09-01','Public Relations'),
  (298,10,'Cameron Nelson','mi@hotmail.com','2001-07-02','Payroll'),
  (299,NULL,'Rinah Gonzalez','neque.sed@gmail.com','1994-04-26','Sales and Marketing'),
  (300,NULL,'Xanthus Hays','ut@icloud.com','2002-10-20','Finances'),
  (301,9,'Avram Hanson','sagittis.lobortis.mauris@outlook.com','1996-12-23','Asset Management'),
  (302,6,'Bruce Burnett','vitae.velit@icloud.com','1999-03-30','Customer Service'),
  (303,NULL,'Jayme Holmes','integer.tincidunt@icloud.com','1985-04-01','Public Relations'),
  (304,4,'Leandra Strong','convallis.ligula@hotmail.com','1974-02-25','Tech Support'),
  (305,15,'Griffin Koch','pede.nec@hotmail.com','1990-11-14','Advertising'),
  (306,3,'Baker Pope','aliquam.auctor@icloud.com','1973-08-29','Sales and Marketing'),
  (307,14,'Mercedes Delaney','morbi.vehicula.pellentesque@hotmail.com','1982-10-20','Human Resources'),
  (308,8,'Kibo Saunders','nec@hotmail.com','1989-05-19','Finances'),
  (309,12,'Emerald Cote','urna@hotmail.com','1974-05-18','Tech Support'),
  (310,10,'Hermione Nelson','cras@gmail.com','1987-07-12','Public Relations'),
  (311,7,'Price Holder','libero.est@gmail.com','1987-01-04','Tech Support'),
  (312,12,'Miranda Mcfadden','eu@gmail.com','1989-06-23','Customer Relations'),
  (313,14,'Illiana Blackburn','consequat.lectus@hotmail.com','1976-09-02','Finances'),
  (314,3,'Christen Browning','nec.cursus.a@gmail.com','1986-02-25','Media Relations'),
  (315,4,'Hiram Porter','nulla@icloud.com','1985-05-17','Human Resources'),
  (316,7,'Louis Owen','magna@gmail.com','1993-10-18','Customer Relations'),
  (317,7,'Erica Foley','risus.donec.nibh@icloud.com','1997-12-29','Asset Management'),
  (318,6,'Lev Mccall','pellentesque.tellus@hotmail.com','1982-02-14',NULL),
  (319,13,'Lawrence Forbes','dolor.dolor@icloud.com',NULL,'Public Relations'),
  (320,16,'Daria Griffith','sed@icloud.com','1992-01-14','Public Relations'),
  (321,6,'Beverly Cantu','euismod@gmail.com',NULL,'Accounting'),
  (322,12,'Dexter Colon','lobortis.mauris@icloud.com','1984-03-15',NULL),
  (323,5,'Judah Fowler','et@gmail.com',NULL,'Sales and Marketing'),
  (324,5,'Gretchen Whitehead','ridiculus.mus.aenean@hotmail.com','1996-01-15','Quality Assurance'),
  (325,7,'Cole Bender','suspendisse.sagittis.nullam@outlook.com','1990-12-25',NULL),
  (326,8,'Fletcher Holcomb','mi@icloud.com','1980-05-08','Asset Management'),
  (327,8,'Brynne O''donnell','tincidunt@icloud.com','1989-08-31','Legal Department'),
  (328,11,'Jessamine Ramsey','dapibus.ligula@icloud.com','1988-11-25','Accounting'),
  (329,9,'Zeus Abbott','augue@icloud.com','1975-12-17','Advertising'),
  (330,3,'Fay Manning','eu.dolor.egestas@hotmail.com','2002-12-20','Public Relations'),
  (331,2,'Basia Rosa','sapien.aenean.massa@hotmail.com','1990-05-29','Tech Support'),
  (332,16,'Macey Miranda','mus@icloud.com','1982-03-25','Payroll'),
  (333,5,'Addison Sosa','nullam.velit.dui@icloud.com','1980-11-25','Quality Assurance'),
  (334,12,'Fulton Delgado','varius.et@icloud.com','1981-07-30','Public Relations'),
  (335,2,'Noel Burns','proin@gmail.com','1982-02-16',NULL),
  (336,10,'Knox Vazquez','scelerisque.neque@icloud.com','1980-03-17','Asset Management'),
  (337,9,'Colby Joyce','vulputate@icloud.com','1980-12-14','Customer Relations'),
  (338,7,'Alden Joyce','pharetra.sed@hotmail.com','1975-01-03','Human Resources'),
  (339,3,'Cain Humphrey','lacus.mauris.non@hotmail.com','1988-08-22','Tech Support'),
  (340,2,'Edward Parks','lectus.rutrum.urna@outlook.com','1989-10-17','Public Relations'),
  (341,14,'Penelope Keith','non.hendrerit@hotmail.com','1996-10-24','Advertising'),
  (342,3,'Asher Nash','velit.quisque@hotmail.com','2000-09-28','Human Resources'),
  (343,15,'Margaret Wells','at.fringilla.purus@outlook.com','1993-12-19',NULL),
  (344,10,'Grant Duncan','nisi@gmail.com','1976-07-01','Customer Relations'),
  (345,12,'Walter Ferguson','nibh@outlook.com','1978-01-01',NULL),
  (346,3,'Remedios Nash','tempus@gmail.com','1991-12-31',NULL),
  (347,8,'Zenia Hinton','dolor.donec@hotmail.com','1989-08-14','Media Relations'),
  (348,8,'Vincent Klein','sed.facilisis@gmail.com','1975-12-30','Media Relations'),
  (349,10,'Shelley Ferguson','in@outlook.com','1996-04-15','Quality Assurance'),
  (350,15,'Signe Quinn','blandit.congue.in@hotmail.com','1994-11-21','Advertising'),
  (351,1,'Richard Norton','aliquet.vel@outlook.com','1999-04-19','Legal Department'),
  (352,2,'Carter Dale','libero@icloud.com','1980-04-16','Quality Assurance'),
  (353,7,'Astra Neal','euismod.urna@hotmail.com','1987-09-03','Quality Assurance'),
  (354,5,'Kylie Parrish','pharetra.ut.pharetra@gmail.com','1983-07-20','Finances'),
  (355,10,'Benjamin Watson','ut@hotmail.com','1998-09-20','Quality Assurance'),
  (356,5,'Lee Conway','felis.ullamcorper.viverra@icloud.com','2001-02-10','Quality Assurance'),
  (357,12,'Kay Dejesus','vel.vulputate.eu@icloud.com','1974-08-15','Quality Assurance'),
  (358,11,'Leo Haney','in.faucibus@outlook.com','2001-04-16','Tech Support'),
  (359,15,'Lester Smith','pellentesque.tincidunt.tempus@icloud.com','1991-07-08','Sales and Marketing'),
  (360,9,'Zelenia Henderson','sem.nulla@outlook.com','1973-08-06','Finances'),
  (361,12,'Jessamine Morrow','et@hotmail.com','1974-10-31','Quality Assurance'),
  (362,15,'Beverly Levine','est.ac@gmail.com','2001-09-11','Media Relations'),
  (363,2,'Ruth Guerrero','mi.enim@icloud.com',NULL,'Payroll'),
  (364,16,'Axel Acevedo','sollicitudin@outlook.com','1984-02-10','Tech Support'),
  (365,6,'Cole Huber','diam.nunc@gmail.com','2002-04-20','Payroll'),
  (366,12,'Melanie Juarez','parturient.montes.nascetur@outlook.com','1976-04-06','Advertising'),
  (367,4,'Patience Talley','mollis@hotmail.com',NULL,'Sales and Marketing'),
  (368,12,'Hiroko Marshall','luctus.vulputate.nisi@hotmail.com','1980-02-15','Advertising'),
  (369,2,'Candice Santiago','amet.metus.aliquam@outlook.com','1974-10-03','Public Relations'),
  (370,4,'Kennan Joseph','at.sem@outlook.com',NULL,'Research and Development'),
  (371,6,'Kamal West','luctus.ut@outlook.com',NULL,'Finances'),
  (372,4,'Kevin Macias','ante.dictum.cursus@hotmail.com','2001-02-12','Advertising'),
  (373,8,'Eric Lucas','enim.etiam.imperdiet@hotmail.com','2002-02-02','Tech Support'),
  (374,11,'Clementine Clemons','dui.cras.pellentesque@hotmail.com','1990-02-17','Legal Department'),
  (375,5,'Kaye Casey','sodales.at@icloud.com',NULL,'Media Relations'),
  (376,13,'Chantale Becker','ante@gmail.com','1995-08-05','Advertising'),
  (377,NULL,'Wayne Hicks','vitae@hotmail.com',NULL,'Quality Assurance'),
  (378,NULL,'Blake Kirby','semper.auctor.mauris@gmail.com','1991-03-24','Quality Assurance'),
  (379,NULL,'Astra Flores','massa.suspendisse.eleifend@hotmail.com','1992-09-15','Public Relations'),
  (380,1,'Halee Sherman','arcu.vestibulum@icloud.com','1988-03-19',NULL),
  (381,4,'Rana Hansen','semper.pretium.neque@icloud.com','1982-10-30','Quality Assurance'),
  (382,NULL,'McKenzie Wilkerson','eros@gmail.com','1991-09-07','Asset Management'),
  (383,8,'Barry Dean','erat.neque@hotmail.com','1986-10-04','Media Relations'),
  (384,11,'Imelda Navarro','pellentesque.tellus@icloud.com',NULL,'Sales and Marketing'),
  (385,5,'Odessa Wells','praesent.interdum@outlook.com','1980-06-16','Asset Management'),
  (386,NULL,'Christine Maddox','est.congue.a@hotmail.com','1991-01-09','Customer Service'),
  (387,11,'Grant Rivas','odio@gmail.com','1994-11-06','Quality Assurance'),
  (388,13,'Jin Garrett','in.faucibus.morbi@gmail.com','1988-05-18','Finances'),
  (389,3,'Sara Nielsen','consequat.enim@icloud.com','1997-07-27','Human Resources'),
  (390,14,'Ferris Horne','aliquam.adipiscing.lacus@gmail.com','1984-07-18','Payroll'),
  (391,7,'Hall Jefferson','imperdiet.erat@outlook.com','1986-07-16','Legal Department'),
  (392,14,'Damian Pittman','eleifend.non@icloud.com','1979-08-19','Customer Relations'),
  (393,5,'Chase Mccoy','ipsum.cursus.vestibulum@outlook.com','1984-05-06','Human Resources'),
  (394,15,'Marshall Barron','mauris.suspendisse@gmail.com','1995-02-14','Legal Department'),
  (395,14,'Winifred Potts','scelerisque.scelerisque@hotmail.com','1987-10-13',NULL),
  (396,5,'Emmanuel Giles','lacinia.vitae.sodales@icloud.com','1982-07-20','Public Relations'),
  (397,11,'Lamar Wall','ligula.donec@icloud.com','1997-07-27','Customer Service'),
  (398,2,'Flynn Jennings','tincidunt.dui@hotmail.com','1996-07-04','Legal Department'),
  (399,8,'Zeph Burnett','augue.ac@icloud.com','1983-12-22','Research and Development'),
  (400,8,'Hakeem Pacheco','orci.ut.sagittis@outlook.com','1993-09-09','Research and Development'),
  (401,4,'Doris Langley','pede.cras@outlook.com','1994-12-25','Finances'),
  (402,6,'Naomi Russell','consequat.enim@icloud.com','1980-10-26','Sales and Marketing'),
  (403,5,'Jasmine Ratliff','at.velit@gmail.com','1982-06-12',NULL),
  (404,3,'Maxwell Romero','pellentesque.ut@hotmail.com','1993-12-08','Public Relations'),
  (405,14,'Nicholas Albert','nunc.interdum.feugiat@gmail.com','1982-02-13',NULL),
  (406,2,'Randall Miller','ipsum.ac@outlook.com','1973-11-23','Payroll'),
  (407,12,'Murphy Camacho','consectetuer@gmail.com','1988-10-19','Asset Management'),
  (408,5,'Grant Gray','maecenas.libero.est@icloud.com','1996-08-22','Asset Management'),
  (409,10,'Jason Wilder','velit.eget@hotmail.com','1991-01-21','Asset Management'),
  (410,5,'Kameko Bradford','rutrum@hotmail.com','2001-08-30','Asset Management'),
  (411,7,'Axel Grant','porttitor.vulputate@outlook.com','1993-12-12','Legal Department'),
  (412,8,'Eaton Dudley','auctor@hotmail.com','1994-03-29','Asset Management'),
  (413,16,'Carl Mcpherson','curabitur@gmail.com','1982-09-03','Advertising'),
  (414,10,'Herrod Everett','orci.luctus@hotmail.com',NULL,'Advertising'),
  (415,13,'Ulric Pickett','aliquam.ultrices.iaculis@icloud.com','2001-08-23','Asset Management'),
  (416,10,'Brock Heath','luctus.lobortis@gmail.com','1984-03-21','Media Relations'),
  (417,10,'Nasim Turner','adipiscing.lobortis@icloud.com','1999-05-31','Customer Service'),
  (418,13,'Zane Shaw','fusce.mollis@gmail.com','1974-10-12','Customer Service'),
  (419,16,'Tanner Snow','ullamcorper.viverra.maecenas@hotmail.com','1996-05-22','Finances'),
  (420,11,'Sara Patel','feugiat.metus@outlook.com','1998-07-11','Payroll'),
  (421,14,'Nathan Parrish','nec.imperdiet@icloud.com','1982-12-25','Research and Development'),
  (422,9,'Madison Olsen','nunc.mauris.elit@hotmail.com','1979-11-17','Human Resources'),
  (423,14,'Hannah Cohen','velit@hotmail.com','1984-07-06','Quality Assurance'),
  (424,2,'Amity Benjamin','nec.mauris.blandit@icloud.com',NULL,'Research and Development'),
  (425,9,'Debra George','convallis@hotmail.com','2000-06-01','Human Resources'),
  (426,8,'Grady Brooks','cubilia.curae@icloud.com',NULL,'Advertising'),
  (427,7,'Griffin Buckner','integer.eu@gmail.com','1974-06-13','Public Relations'),
  (428,3,'Hoyt England','sed.eu.nibh@icloud.com','1985-06-02','Advertising'),
  (429,NULL,'Jonas Cooley','eget.mollis.lectus@outlook.com','1974-10-15',NULL),
  (430,NULL,'Vernon Campbell','eget@gmail.com',NULL,'Quality Assurance'),
  (431,12,'Jonah Hurley','etiam@outlook.com','1977-01-19','Human Resources'),
  (432,2,'Lacota Gay','odio@gmail.com','1992-11-14','Legal Department'),
  (433,NULL,'Keelie Randolph','scelerisque.sed.sapien@gmail.com','1975-02-24','Sales and Marketing'),
  (434,2,'Ethan Olson','eleifend.non@icloud.com','2000-11-11','Legal Department'),
  (435,2,'Rebekah Mcmillan','aenean.euismod.mauris@gmail.com','1989-11-05','Customer Relations'),
  (436,7,'Jason Wilder','integer.aliquam@gmail.com','1976-10-05','Sales and Marketing'),
  (437,NULL,'Germaine Hurst','dis@hotmail.com','1990-08-27','Quality Assurance'),
  (438,12,'Peter Gilliam','ullamcorper.eu@gmail.com','1987-02-21','Asset Management'),
  (439,NULL,'Deacon Mejia','in.faucibus@icloud.com','1981-03-03','Finances'),
  (440,13,'Sawyer Lloyd','ante.lectus@gmail.com','1973-09-14','Asset Management'),
  (441,7,'Shelby Hudson','vivamus@hotmail.com','1984-01-19','Finances'),
  (442,NULL,'Rudyard Noel','tellus.faucibus@outlook.com','1993-11-18','Customer Relations'),
  (443,9,'Steel Montoya','quam.vel@outlook.com','1995-01-20','Quality Assurance'),
  (444,5,'Byron Camacho','donec.at@gmail.com','1982-02-27','Media Relations'),
  (445,3,'Rashad Mayer','integer.id.magna@icloud.com','1986-07-18','Research and Development'),
  (446,9,'Ori Wolfe','tristique.pharetra.quisque@outlook.com','1982-01-31','Advertising'),
  (447,5,'Kieran Gray','fusce@gmail.com','1990-10-16','Customer Service'),
  (448,3,'Lucy Bradford','nunc.nulla.vulputate@outlook.com','2003-02-20','Asset Management'),
  (449,2,'Mari Solomon','lacus.cras.interdum@hotmail.com',NULL,'Payroll'),
  (450,15,'Lev Mccormick','purus@hotmail.com',NULL,'Sales and Marketing'),
  (451,16,'Guy Crosby','sed@icloud.com','1988-02-29','Accounting'),
  (452,10,'Iona Kelley','feugiat@outlook.com',NULL,'Customer Service'),
  (453,11,'Amela Crawford','dolor@outlook.com','1999-02-07','Human Resources'),
  (454,15,'Julie Monroe','elit.a@gmail.com','1982-01-31','Asset Management'),
  (455,7,'Serina Shaffer','phasellus@hotmail.com','1993-04-11','Customer Relations'),
  (456,3,'Brenna Goodman','nulla@hotmail.com','1984-04-30','Advertising'),
  (457,7,'Aaron Parks','eget.laoreet@hotmail.com','2001-01-15','Accounting'),
  (458,7,'Cade Howard','dis.parturient.montes@outlook.com','1992-06-24','Quality Assurance'),
  (459,13,'Autumn Farrell','consectetuer.euismod.est@outlook.com','1982-10-14','Sales and Marketing'),
  (460,3,'Kadeem Sloan','auctor@gmail.com','1981-02-10','Human Resources'),
  (461,2,'Deanna Pugh','ut.quam@gmail.com','1978-04-16','Human Resources'),
  (462,8,'Hyatt Nieves','ullamcorper.magna@outlook.com','1990-09-17','Customer Relations'),
  (463,2,'Keefe Howe','nulla.donec.non@hotmail.com','1987-09-18','Public Relations'),
  (464,NULL,'Colorado Slater','turpis.egestas.fusce@icloud.com','1999-11-20','Sales and Marketing'),
  (465,NULL,'Garth Richmond','tempus.lorem.fringilla@hotmail.com','1974-01-21','Quality Assurance'),
  (466,8,'Hilary Maldonado','urna@icloud.com','1982-08-01','Customer Service'),
  (467,NULL,'Naomi English','lacus@hotmail.com','2001-06-05','Finances'),
  (468,10,'Noah Mcmillan','nunc.mauris@gmail.com','1980-08-16','Advertising'),
  (469,6,'Veda May','natoque@hotmail.com','1980-12-23','Customer Relations'),
  (470,3,'Briar Mcneil','mauris.sit.amet@hotmail.com','1979-09-13','Sales and Marketing'),
  (471,14,'Jayme Cochran','aliquam@hotmail.com','1988-06-17','Human Resources'),
  (472,16,'Hilel O''brien','eu.erat@icloud.com','1993-12-21','Research and Development'),
  (473,2,'Sebastian Patel','nibh.vulputate@icloud.com','1981-08-18','Tech Support'),
  (474,7,'Wendy Tate','scelerisque.scelerisque@hotmail.com','1980-11-04','Advertising'),
  (475,3,'Raphael Carroll','auctor.ullamcorper@outlook.com','1982-04-22','Legal Department'),
  (476,15,'Phelan Knight','malesuada.fames.ac@hotmail.com','1998-08-24','Accounting'),
  (477,12,'Stewart Goodwin','morbi.neque@gmail.com','1978-10-21','Payroll'),
  (478,16,'Lewis Mclaughlin','erat.volutpat.nulla@outlook.com','1988-04-04','Finances'),
  (479,9,'Louis Perkins','nisi.cum@outlook.com','1980-10-07','Quality Assurance'),
  (480,14,'Kennan Mosley','proin.velit@gmail.com','2000-06-08','Accounting'),
  (481,2,'Josiah Reyes','nulla.integer@hotmail.com','1985-07-02','Public Relations'),
  (482,14,'Xanthus Hull','donec@icloud.com','1977-04-25','Sales and Marketing'),
  (483,10,'Porter Hebert','egestas.aliquam.nec@hotmail.com','1976-11-14','Accounting'),
  (484,9,'Jackson Peters','aliquam@hotmail.com','1997-11-06','Accounting'),
  (485,9,'Talon Lindsey','purus@gmail.com','1974-01-11','Sales and Marketing'),
  (486,7,'Naomi Small','ac.facilisis.facilisis@icloud.com','1973-09-07','Customer Service'),
  (487,13,'Brody Flowers','elementum.lorem.ut@hotmail.com','1985-08-01','Quality Assurance'),
  (488,11,'Gray Estes','imperdiet.nec@hotmail.com','1981-03-13','Advertising'),
  (489,11,'Ulysses Solis','sem.consequat.nec@icloud.com','1996-07-01','Research and Development'),
  (490,7,'Ingrid Dillon','diam.dictum@gmail.com','1985-11-12','Quality Assurance'),
  (491,14,'Blossom Cardenas','lobortis.ultrices@gmail.com','1994-12-01','Legal Department'),
  (492,9,'Hamilton Hurst','turpis.egestas.fusce@outlook.com','1978-10-26','Finances'),
  (493,6,'Julian Jimenez','tempus.non@hotmail.com',NULL,'Quality Assurance'),
  (494,NULL,'Merrill Copeland','quis@hotmail.com','1977-11-25','Human Resources'),
  (495,2,'Charissa Gould','auctor.non.feugiat@gmail.com','2003-03-10','Public Relations'),
  (496,NULL,'Meredith Barrera','proin.velit.sed@outlook.com','1987-07-19','Human Resources'),
  (497,9,'Yoshio Rodriquez','ac@icloud.com','1973-07-16','Customer Service'),
  (498,11,'Sasha Glass','in.condimentum@hotmail.com','1997-11-02','Payroll'),
  (499,12,'Hiram Harper','dignissim.magna@hotmail.com','1981-11-17','Sales and Marketing'),
  (500,8,'Alice Dudley','accumsan.neque@gmail.com','1996-02-15','Tech Support');
